{
  "HTTP Request-1" : {
    "transaction" : "HTTP Request-1",
    "sampleCount" : 10,
    "errorCount" : 0,
    "errorPct" : 0.0,
    "meanResTime" : 1619.9,
    "medianResTime" : 1617.0,
    "minResTime" : 1493.0,
    "maxResTime" : 1716.0,
    "pct1ResTime" : 1714.9,
    "pct2ResTime" : 1716.0,
    "pct3ResTime" : 1716.0,
    "throughput" : 4.975124378109452,
    "receivedKBytesPerSec" : 884.1437344527365,
    "sentKBytesPerSec" : 0.558729788557214
  },
  "Total" : {
    "transaction" : "Total",
    "sampleCount" : 30,
    "errorCount" : 0,
    "errorPct" : 0.0,
    "meanResTime" : 1257.6000000000001,
    "medianResTime" : 1605.5,
    "minResTime" : 140.0,
    "maxResTime" : 2253.0,
    "pct1ResTime" : 2097.3,
    "pct2ResTime" : 2206.7999999999997,
    "pct3ResTime" : 2253.0,
    "throughput" : 11.778563015312132,
    "receivedKBytesPerSec" : 1398.2749312917156,
    "sentKBytesPerSec" : 1.7637171181782487
  },
  "HTTP Request-0" : {
    "transaction" : "HTTP Request-0",
    "sampleCount" : 10,
    "errorCount" : 0,
    "errorPct" : 0.0,
    "meanResTime" : 265.79999999999995,
    "medianResTime" : 173.0,
    "minResTime" : 140.0,
    "maxResTime" : 534.0,
    "pct1ResTime" : 531.1,
    "pct2ResTime" : 534.0,
    "pct3ResTime" : 534.0,
    "throughput" : 10.319917440660475,
    "receivedKBytesPerSec" : 3.6885642414860684,
    "sentKBytesPerSec" : 1.1589751031991744
  },
  "HTTP Request" : {
    "transaction" : "HTTP Request",
    "sampleCount" : 10,
    "errorCount" : 0,
    "errorPct" : 0.0,
    "meanResTime" : 1887.1000000000001,
    "medianResTime" : 1814.5,
    "minResTime" : 1634.0,
    "maxResTime" : 2253.0,
    "pct1ResTime" : 2244.6,
    "pct2ResTime" : 2253.0,
    "pct3ResTime" : 2253.0,
    "throughput" : 3.9261876717707107,
    "receivedKBytesPerSec" : 699.1374656458578,
    "sentKBytesPerSec" : 0.8818585590891244
  }
}