{
  "HTTP Request-1" : {
    "transaction" : "HTTP Request-1",
    "sampleCount" : 1000,
    "errorCount" : 923,
    "errorPct" : 92.3,
    "meanResTime" : 3597.335999999998,
    "medianResTime" : 3376.0,
    "minResTime" : 692.0,
    "maxResTime" : 9374.0,
    "pct1ResTime" : 5131.0,
    "pct2ResTime" : 6183.999999999998,
    "pct3ResTime" : 8812.76,
    "throughput" : 106.55301012253595,
    "receivedKBytesPerSec" : 1495.6265400239745,
    "sentKBytesPerSec" : 11.966402503995738
  },
  "Total" : {
    "transaction" : "Total",
    "sampleCount" : 3000,
    "errorCount" : 1846,
    "errorPct" : 61.533333,
    "meanResTime" : 3830.7806666666693,
    "medianResTime" : 3422.0,
    "minResTime" : 692.0,
    "maxResTime" : 11149.0,
    "pct1ResTime" : 6412.0,
    "pct2ResTime" : 7160.749999999995,
    "pct3ResTime" : 9257.799999999996,
    "throughput" : 267.40351189945625,
    "receivedKBytesPerSec" : 2565.982164742847,
    "sentKBytesPerSec" : 40.04089045369463
  },
  "HTTP Request-0" : {
    "transaction" : "HTTP Request-0",
    "sampleCount" : 1000,
    "errorCount" : 0,
    "errorPct" : 0.0,
    "meanResTime" : 2147.315,
    "medianResTime" : 1943.0,
    "minResTime" : 1103.0,
    "maxResTime" : 3518.0,
    "pct1ResTime" : 3134.9,
    "pct2ResTime" : 3273.95,
    "pct3ResTime" : 3470.0,
    "throughput" : 240.2691013935608,
    "receivedKBytesPerSec" : 85.87743272465161,
    "sentKBytesPerSec" : 26.98334634790966
  },
  "HTTP Request" : {
    "transaction" : "HTTP Request",
    "sampleCount" : 1000,
    "errorCount" : 923,
    "errorPct" : 92.3,
    "meanResTime" : 5747.690999999999,
    "medianResTime" : 5460.0,
    "minResTime" : 3521.0,
    "maxResTime" : 11149.0,
    "pct1ResTime" : 7326.8,
    "pct2ResTime" : 7901.299999999997,
    "pct3ResTime" : 10381.82,
    "throughput" : 89.13450396648543,
    "receivedKBytesPerSec" : 1282.9910823714235,
    "sentKBytesPerSec" : 20.020445226847315
  }
}