{
  "HTTP Request-1" : {
    "transaction" : "HTTP Request-1",
    "sampleCount" : 100,
    "errorCount" : 50,
    "errorPct" : 50.0,
    "meanResTime" : 1912.2099999999996,
    "medianResTime" : 1175.0,
    "minResTime" : 610.0,
    "maxResTime" : 4650.0,
    "pct1ResTime" : 4143.8,
    "pct2ResTime" : 4534.15,
    "pct3ResTime" : 4649.36,
    "throughput" : 21.3857998289136,
    "receivedKBytesPerSec" : 1904.3731036810307,
    "sentKBytesPerSec" : 2.4017255667236954
  },
  "Total" : {
    "transaction" : "Total",
    "sampleCount" : 300,
    "errorCount" : 100,
    "errorPct" : 33.333332,
    "meanResTime" : 1790.6199999999994,
    "medianResTime" : 1150.5,
    "minResTime" : 248.0,
    "maxResTime" : 5768.0,
    "pct1ResTime" : 4208.900000000001,
    "pct2ResTime" : 4621.15,
    "pct3ResTime" : 5469.410000000002,
    "throughput" : 51.47563486616335,
    "receivedKBytesPerSec" : 3068.1505903611874,
    "sentKBytesPerSec" : 7.707940116678105
  },
  "HTTP Request-0" : {
    "transaction" : "HTTP Request-0",
    "sampleCount" : 100,
    "errorCount" : 0,
    "errorPct" : 0.0,
    "meanResTime" : 773.3699999999999,
    "medianResTime" : 790.0,
    "minResTime" : 248.0,
    "maxResTime" : 1232.0,
    "pct1ResTime" : 1150.0,
    "pct2ResTime" : 1183.8499999999997,
    "pct3ResTime" : 1231.78,
    "throughput" : 80.38585209003216,
    "receivedKBytesPerSec" : 28.73166197749196,
    "sentKBytesPerSec" : 9.027707998392284
  },
  "HTTP Request" : {
    "transaction" : "HTTP Request",
    "sampleCount" : 100,
    "errorCount" : 50,
    "errorPct" : 50.0,
    "meanResTime" : 2686.2800000000007,
    "medianResTime" : 1971.0,
    "minResTime" : 927.0,
    "maxResTime" : 5768.0,
    "pct1ResTime" : 4898.6,
    "pct2ResTime" : 5254.199999999999,
    "pct3ResTime" : 5765.709999999999,
    "throughput" : 17.158544955387786,
    "receivedKBytesPerSec" : 1534.0752951805937,
    "sentKBytesPerSec" : 3.8539700583390526
  }
}